Woman (1).png, 0
Woman (2).png, 0
Woman (3).png, 0
Woman (4).png, 0
Woman (5).png, 0
Woman (6).png, 0
Woman (7).png, 0
Woman (8).png, 0
Woman (9).png, 0
Woman (10).png, 0
Woman (11).png, 0
Woman (12).png, 0
Woman (13).png, 0
Woman (14).png, 0
Woman (15).png, 0
Woman (16).png, 0
Woman (17).png, 0
Woman (18).png, 0
Woman (19).png, 0
Woman (20).png, 0
Woman (21).png, 0
Woman (22).png, 0
Woman (23).png, 0
Woman (24).png, 0
Woman (25).png, 0
Woman (26).png, 1
Woman (27).png, 1
Woman (28).png, 1
Woman (29).png, 1
Woman (30).png, 1
Woman (31).png, 1
Woman (32).png, 1
Woman (33).png, 1
Woman (34).png, 1
Woman (35).png, 1
Woman (36).png, 1
Woman (37).png, 0
Woman (38).png, 0
Woman (39).png, 1
Woman (40).png, 0
Woman (41).png, 0
Woman (42).png, 0
Woman (43).png, 0
Woman (44).png, 0
Woman (45).png, 1
Woman (46).png, 1
Woman (47).png, 0
Woman (48).png, 1
Woman (49).png, 1
Woman (50).png, 1
Woman (51).png, 1
Woman (52).png, 1
Woman (53).png, 1
Woman (54).png, 1
Woman (55).png, 0
Woman (56).png, 0
Woman (57).png, 0
Woman (58).png, 0
Woman (59).png, 0
Woman (60).png, 0
Woman (61).png, 0
Woman (62).png, 1
Woman (63).png, 1
Woman (64).png, 1
Woman (65).png, 1
Woman (66).png, 1
Woman (67).png, 1
Woman (68).png, 1
Woman (69).png, 1
Woman (70).png, 1
Woman (71).png, 1
Woman (72).png, 1
Woman (73).png, 0
Woman (74).png, 0
Woman (75).png, 0
Woman (76).png, 0
Woman (77).png, 0
Woman (78).png, 0
Woman (79).png, 0
Woman (80).png, 0
Woman (81).png, 0
Woman (82).png, 0
Woman (83).png, 0
Woman (84).png, 0
Woman (85).png, 0
Woman (86).png, 0
Woman (87).png, 0
Woman (88).png, 0
Woman (89).png, 0
Woman (90).png, 0
Woman (91).png, 0
Woman (92).png, 0
Woman (93).png, 0
Woman (94).png, 0
Woman (95).png, 0
Woman (96).png, 0
Woman (97).png, 0
Woman (98).png, 0
Woman (99).png, 0
Woman (100).png, 0
